"filename", "language", "JSON", "JavaScript", "TypeScript", "TypeScript React", "Markdown", "CSS", "HTML", "SCSS", "YAML", "comment", "blank", "total"
"d:\code\source code\vue-next\.circleci\config.yml", "YAML", 0, 0, 0, 0, 0, 0, 0, 0, 45, 0, 8, 53
"d:\code\source code\vue-next\.eslintrc.js", "JavaScript", 0, 22, 0, 0, 0, 0, 0, 0, 0, 44, 1, 67
"d:\code\source code\vue-next\.github\FUNDING.yml", "YAML", 0, 0, 0, 0, 0, 0, 0, 0, 3, 0, 1, 4
"d:\code\source code\vue-next\.github\ISSUE_TEMPLATE\config.yml", "YAML", 0, 0, 0, 0, 0, 0, 0, 0, 11, 0, 1, 12
"d:\code\source code\vue-next\.github\commit-convention.md", "Markdown", 0, 0, 0, 0, 56, 0, 0, 0, 0, 0, 36, 92
"d:\code\source code\vue-next\.github\contributing.md", "Markdown", 0, 0, 0, 0, 166, 0, 0, 0, 0, 0, 100, 266
"d:\code\source code\vue-next\.github\workflows\release-tag.yml", "YAML", 0, 0, 0, 0, 0, 0, 0, 0, 21, 0, 3, 24
"d:\code\source code\vue-next\.github\workflows\size-check.yml", "YAML", 0, 0, 0, 0, 0, 0, 0, 0, 21, 0, 2, 23
"d:\code\source code\vue-next\.prettierrc", "JSON", 3, 0, 0, 0, 0, 0, 0, 0, 0, 0, 1, 4
"d:\code\source code\vue-next\CHANGELOG.md", "Markdown", 0, 0, 0, 0, 1115, 0, 0, 0, 0, 0, 675, 1790
"d:\code\source code\vue-next\README.md", "Markdown", 0, 0, 0, 0, 71, 0, 0, 0, 0, 0, 30, 101
"d:\code\source code\vue-next\api-extractor.json", "JSON", 40, 0, 0, 0, 0, 0, 0, 0, 0, 1, 10, 51
"d:\code\source code\vue-next\example\index.html", "HTML", 0, 0, 0, 0, 0, 0, 33, 0, 0, 0, 2, 35
"d:\code\source code\vue-next\jest.config.js", "JavaScript", 0, 27, 0, 0, 0, 0, 0, 0, 0, 19, 1, 47
"d:\code\source code\vue-next\package-lock.json", "JSON", 11, 0, 0, 0, 0, 0, 0, 0, 0, 23645, 0, 23656
"d:\code\source code\vue-next\package.json", "JSON", 75, 0, 0, 0, 0, 0, 0, 0, 0, 5, 1, 81
"d:\code\source code\vue-next\packages\compiler-core\README.md", "Markdown", 0, 0, 0, 0, 1, 0, 0, 0, 0, 0, 1, 2
"d:\code\source code\vue-next\packages\compiler-core\__tests__\codegen.spec.ts", "TypeScript", 0, 0, 736, 0, 0, 0, 0, 0, 0, 7, 38, 781
"d:\code\source code\vue-next\packages\compiler-core\__tests__\compile.spec.ts", "TypeScript", 0, 0, 211, 0, 0, 0, 0, 0, 0, 4, 47, 262
"d:\code\source code\vue-next\packages\compiler-core\__tests__\parse.spec.ts", "TypeScript", 0, 0, 2579, 0, 0, 0, 0, 0, 0, 11, 172, 2762
"d:\code\source code\vue-next\packages\compiler-core\__tests__\scopeId.spec.ts", "TypeScript", 0, 0, 76, 0, 0, 0, 0, 0, 0, 5, 6, 87
"d:\code\source code\vue-next\packages\compiler-core\__tests__\testUtils.ts", "TypeScript", 0, 0, 72, 0, 0, 0, 0, 0, 0, 5, 5, 82
"d:\code\source code\vue-next\packages\compiler-core\__tests__\transform.spec.ts", "TypeScript", 0, 0, 317, 0, 0, 0, 0, 0, 0, 13, 36, 366
"d:\code\source code\vue-next\packages\compiler-core\__tests__\transforms\hoistStatic.spec.ts", "TypeScript", 0, 0, 579, 0, 0, 0, 0, 0, 0, 3, 32, 614
"d:\code\source code\vue-next\packages\compiler-core\__tests__\transforms\noopDirectiveTransform.spec.ts", "TypeScript", 0, 0, 21, 0, 0, 0, 0, 0, 0, 2, 2, 25
"d:\code\source code\vue-next\packages\compiler-core\__tests__\transforms\transformElement.spec.ts", "TypeScript", 0, 0, 814, 0, 0, 0, 0, 0, 0, 20, 68, 902
"d:\code\source code\vue-next\packages\compiler-core\__tests__\transforms\transformExpressions.spec.ts", "TypeScript", 0, 0, 475, 0, 0, 0, 0, 0, 0, 2, 32, 509
"d:\code\source code\vue-next\packages\compiler-core\__tests__\transforms\transformSlotOutlet.spec.ts", "TypeScript", 0, 0, 358, 0, 0, 0, 0, 0, 0, 2, 15, 375
"d:\code\source code\vue-next\packages\compiler-core\__tests__\transforms\transformText.spec.ts", "TypeScript", 0, 0, 183, 0, 0, 0, 0, 0, 0, 5, 9, 197
"d:\code\source code\vue-next\packages\compiler-core\__tests__\transforms\vBind.spec.ts", "TypeScript", 0, 0, 160, 0, 0, 0, 0, 0, 0, 0, 8, 168
"d:\code\source code\vue-next\packages\compiler-core\__tests__\transforms\vFor.spec.ts", "TypeScript", 0, 0, 919, 0, 0, 0, 0, 0, 0, 10, 73, 1002
"d:\code\source code\vue-next\packages\compiler-core\__tests__\transforms\vIf.spec.ts", "TypeScript", 0, 0, 651, 0, 0, 0, 0, 0, 0, 4, 54, 709
"d:\code\source code\vue-next\packages\compiler-core\__tests__\transforms\vModel.spec.ts", "TypeScript", 0, 0, 470, 0, 0, 0, 0, 0, 0, 8, 48, 526
"d:\code\source code\vue-next\packages\compiler-core\__tests__\transforms\vOn.spec.ts", "TypeScript", 0, 0, 541, 0, 0, 0, 0, 0, 0, 13, 27, 581
"d:\code\source code\vue-next\packages\compiler-core\__tests__\transforms\vOnce.spec.ts", "TypeScript", 0, 0, 127, 0, 0, 0, 0, 0, 0, 3, 9, 139
"d:\code\source code\vue-next\packages\compiler-core\__tests__\transforms\vSlot.spec.ts", "TypeScript", 0, 0, 818, 0, 0, 0, 0, 0, 0, 5, 28, 851
"d:\code\source code\vue-next\packages\compiler-core\__tests__\utils.spec.ts", "TypeScript", 0, 0, 58, 0, 0, 0, 0, 0, 0, 0, 12, 70
"d:\code\source code\vue-next\packages\compiler-core\api-extractor.json", "JSON", 7, 0, 0, 0, 0, 0, 0, 0, 0, 0, 1, 8
"d:\code\source code\vue-next\packages\compiler-core\index.js", "JavaScript", 0, 6, 0, 0, 0, 0, 0, 0, 0, 0, 2, 8
"d:\code\source code\vue-next\packages\compiler-core\package.json", "JSON", 40, 0, 0, 0, 0, 0, 0, 0, 0, 0, 1, 41
"d:\code\source code\vue-next\packages\compiler-core\src\ast.ts", "TypeScript", 0, 0, 642, 0, 0, 0, 0, 0, 0, 49, 94, 785
"d:\code\source code\vue-next\packages\compiler-core\src\codegen.ts", "TypeScript", 0, 0, 863, 0, 0, 0, 0, 0, 0, 40, 62, 965
"d:\code\source code\vue-next\packages\compiler-core\src\compile.ts", "TypeScript", 0, 0, 97, 0, 0, 0, 0, 0, 0, 4, 7, 108
"d:\code\source code\vue-next\packages\compiler-core\src\errors.ts", "TypeScript", 0, 0, 144, 0, 0, 0, 0, 0, 0, 11, 14, 169
"d:\code\source code\vue-next\packages\compiler-core\src\index.ts", "TypeScript", 0, 0, 55, 0, 0, 0, 0, 0, 0, 1, 4, 60
"d:\code\source code\vue-next\packages\compiler-core\src\options.ts", "TypeScript", 0, 0, 74, 0, 0, 0, 0, 0, 0, 174, 9, 257
"d:\code\source code\vue-next\packages\compiler-core\src\parse.ts", "TypeScript", 0, 0, 807, 0, 0, 0, 0, 0, 0, 56, 99, 962
"d:\code\source code\vue-next\packages\compiler-core\src\runtimeHelpers.ts", "TypeScript", 0, 0, 67, 0, 0, 0, 0, 0, 0, 3, 3, 73
"d:\code\source code\vue-next\packages\compiler-core\src\transform.ts", "TypeScript", 0, 0, 402, 0, 0, 0, 0, 0, 0, 44, 22, 468
"d:\code\source code\vue-next\packages\compiler-core\src\transforms\hoistStatic.ts", "TypeScript", 0, 0, 258, 0, 0, 0, 0, 0, 0, 29, 17, 304
"d:\code\source code\vue-next\packages\compiler-core\src\transforms\noopDirectiveTransform.ts", "TypeScript", 0, 0, 2, 0, 0, 0, 0, 0, 0, 0, 2, 4
"d:\code\source code\vue-next\packages\compiler-core\src\transforms\transformElement.ts", "TypeScript", 0, 0, 556, 0, 0, 0, 0, 0, 0, 74, 40, 670
"d:\code\source code\vue-next\packages\compiler-core\src\transforms\transformExpression.ts", "TypeScript", 0, 0, 363, 0, 0, 0, 0, 0, 0, 82, 29, 474
"d:\code\source code\vue-next\packages\compiler-core\src\transforms\transformSlotOutlet.ts", "TypeScript", 0, 0, 97, 0, 0, 0, 0, 0, 0, 0, 13, 110
"d:\code\source code\vue-next\packages\compiler-core\src\transforms\transformText.ts", "TypeScript", 0, 0, 87, 0, 0, 0, 0, 0, 0, 14, 5, 106
"d:\code\source code\vue-next\packages\compiler-core\src\transforms\vBind.ts", "TypeScript", 0, 0, 39, 0, 0, 0, 0, 0, 0, 5, 6, 50
"d:\code\source code\vue-next\packages\compiler-core\src\transforms\vFor.ts", "TypeScript", 0, 0, 351, 0, 0, 0, 0, 0, 0, 25, 32, 408
"d:\code\source code\vue-next\packages\compiler-core\src\transforms\vIf.ts", "TypeScript", 0, 0, 285, 0, 0, 0, 0, 0, 0, 23, 16, 324
"d:\code\source code\vue-next\packages\compiler-core\src\transforms\vModel.ts", "TypeScript", 0, 0, 123, 0, 0, 0, 0, 0, 0, 9, 13, 145
"d:\code\source code\vue-next\packages\compiler-core\src\transforms\vOn.ts", "TypeScript", 0, 0, 126, 0, 0, 0, 0, 0, 0, 30, 12, 168
"d:\code\source code\vue-next\packages\compiler-core\src\transforms\vOnce.ts", "TypeScript", 0, 0, 20, 0, 0, 0, 0, 0, 0, 0, 3, 23
"d:\code\source code\vue-next\packages\compiler-core\src\transforms\vSlot.ts", "TypeScript", 0, 0, 323, 0, 0, 0, 0, 0, 0, 35, 25, 383
"d:\code\source code\vue-next\packages\compiler-core\src\utils.ts", "TypeScript", 0, 0, 298, 0, 0, 0, 0, 0, 0, 10, 25, 333
"d:\code\source code\vue-next\packages\compiler-core\src\validateExpression.ts", "TypeScript", 0, 0, 51, 0, 0, 0, 0, 0, 0, 10, 7, 68
"d:\code\source code\vue-next\packages\compiler-dom\README.md", "Markdown", 0, 0, 0, 0, 1, 0, 0, 0, 0, 0, 0, 1
"d:\code\source code\vue-next\packages\compiler-dom\__tests__\index.spec.ts", "TypeScript", 0, 0, 11, 0, 0, 0, 0, 0, 0, 0, 3, 14
"d:\code\source code\vue-next\packages\compiler-dom\__tests__\parse.spec.ts", "TypeScript", 0, 0, 419, 0, 0, 0, 0, 0, 0, 5, 58, 482
"d:\code\source code\vue-next\packages\compiler-dom\__tests__\transforms\ignoreSideEffectTags.spec.ts", "TypeScript", 0, 0, 25, 0, 0, 0, 0, 0, 0, 0, 3, 28
"d:\code\source code\vue-next\packages\compiler-dom\__tests__\transforms\stringifyStatic.spec.ts", "TypeScript", 0, 0, 270, 0, 0, 0, 0, 0, 0, 11, 17, 298
"d:\code\source code\vue-next\packages\compiler-dom\__tests__\transforms\transformStyle.spec.ts", "TypeScript", 0, 0, 70, 0, 0, 0, 0, 0, 0, 1, 4, 75
"d:\code\source code\vue-next\packages\compiler-dom\__tests__\transforms\vHtml.spec.ts", "TypeScript", 0, 0, 66, 0, 0, 0, 0, 0, 0, 0, 5, 71
"d:\code\source code\vue-next\packages\compiler-dom\__tests__\transforms\vModel.spec.ts", "TypeScript", 0, 0, 131, 0, 0, 0, 0, 0, 0, 0, 31, 162
"d:\code\source code\vue-next\packages\compiler-dom\__tests__\transforms\vOn.spec.ts", "TypeScript", 0, 0, 268, 0, 0, 0, 0, 0, 0, 6, 16, 290
"d:\code\source code\vue-next\packages\compiler-dom\__tests__\transforms\vShow.spec.ts", "TypeScript", 0, 0, 36, 0, 0, 0, 0, 0, 0, 0, 6, 42
"d:\code\source code\vue-next\packages\compiler-dom\__tests__\transforms\vText.spec.ts", "TypeScript", 0, 0, 70, 0, 0, 0, 0, 0, 0, 0, 5, 75
"d:\code\source code\vue-next\packages\compiler-dom\__tests__\transforms\warnTransitionChildren.spec.ts", "TypeScript", 0, 0, 128, 0, 0, 0, 0, 0, 0, 0, 13, 141
"d:\code\source code\vue-next\packages\compiler-dom\api-extractor.json", "JSON", 7, 0, 0, 0, 0, 0, 0, 0, 0, 0, 1, 8
"d:\code\source code\vue-next\packages\compiler-dom\index.js", "JavaScript", 0, 6, 0, 0, 0, 0, 0, 0, 0, 0, 2, 8
"d:\code\source code\vue-next\packages\compiler-dom\package.json", "JSON", 42, 0, 0, 0, 0, 0, 0, 0, 0, 0, 1, 43
"d:\code\source code\vue-next\packages\compiler-dom\src\decodeHtml.ts", "TypeScript", 0, 0, 119, 0, 0, 0, 0, 0, 0, 7, 8, 134
"d:\code\source code\vue-next\packages\compiler-dom\src\decodeHtmlBrowser.ts", "TypeScript", 0, 0, 5, 0, 0, 0, 0, 0, 0, 1, 3, 9
"d:\code\source code\vue-next\packages\compiler-dom\src\errors.ts", "TypeScript", 0, 0, 46, 0, 0, 0, 0, 0, 0, 0, 5, 51
"d:\code\source code\vue-next\packages\compiler-dom\src\index.ts", "TypeScript", 0, 0, 63, 0, 0, 0, 0, 0, 0, 3, 7, 73
"d:\code\source code\vue-next\packages\compiler-dom\src\namedChars.json", "JSON", 2233, 0, 0, 0, 0, 0, 0, 0, 0, 0, 1, 2234
"d:\code\source code\vue-next\packages\compiler-dom\src\parserOptions.ts", "TypeScript", 0, 0, 90, 0, 0, 0, 0, 0, 0, 2, 9, 101
"d:\code\source code\vue-next\packages\compiler-dom\src\runtimeHelpers.ts", "TypeScript", 0, 0, 23, 0, 0, 0, 0, 0, 0, 0, 6, 29
"d:\code\source code\vue-next\packages\compiler-dom\src\transforms\ignoreSideEffectTags.ts", "TypeScript", 0, 0, 14, 0, 0, 0, 0, 0, 0, 0, 2, 16
"d:\code\source code\vue-next\packages\compiler-dom\src\transforms\stringifyStatic.ts", "TypeScript", 0, 0, 235, 0, 0, 0, 0, 0, 0, 63, 21, 319
"d:\code\source code\vue-next\packages\compiler-dom\src\transforms\transformStyle.ts", "TypeScript", 0, 0, 37, 0, 0, 0, 0, 0, 0, 7, 3, 47
"d:\code\source code\vue-next\packages\compiler-dom\src\transforms\vHtml.ts", "TypeScript", 0, 0, 28, 0, 0, 0, 0, 0, 0, 0, 2, 30
"d:\code\source code\vue-next\packages\compiler-dom\src\transforms\vModel.ts", "TypeScript", 0, 0, 107, 0, 0, 0, 0, 0, 0, 12, 7, 126
"d:\code\source code\vue-next\packages\compiler-dom\src\transforms\vOn.ts", "TypeScript", 0, 0, 117, 0, 0, 0, 0, 0, 0, 9, 14, 140
"d:\code\source code\vue-next\packages\compiler-dom\src\transforms\vShow.ts", "TypeScript", 0, 0, 15, 0, 0, 0, 0, 0, 0, 0, 3, 18
"d:\code\source code\vue-next\packages\compiler-dom\src\transforms\vText.ts", "TypeScript", 0, 0, 36, 0, 0, 0, 0, 0, 0, 0, 2, 38
"d:\code\source code\vue-next\packages\compiler-dom\src\transforms\warnTransitionChildren.ts", "TypeScript", 0, 0, 44, 0, 0, 0, 0, 0, 0, 1, 3, 48
"d:\code\source code\vue-next\packages\compiler-sfc\README.md", "Markdown", 0, 0, 0, 0, 57, 0, 0, 0, 0, 0, 27, 84
"d:\code\source code\vue-next\packages\compiler-sfc\__tests__\compileScript.spec.ts", "TypeScript", 0, 0, 1046, 0, 0, 0, 0, 0, 0, 42, 74, 1162
"d:\code\source code\vue-next\packages\compiler-sfc\__tests__\compileStyle.spec.ts", "TypeScript", 0, 0, 336, 0, 0, 0, 0, 0, 0, 5, 30, 371
"d:\code\source code\vue-next\packages\compiler-sfc\__tests__\compileTemplate.spec.ts", "TypeScript", 0, 0, 115, 0, 0, 0, 0, 0, 0, 4, 21, 140
"d:\code\source code\vue-next\packages\compiler-sfc\__tests__\cssVars.spec.ts", "TypeScript", 0, 0, 126, 0, 0, 0, 0, 0, 0, 5, 10, 141
"d:\code\source code\vue-next\packages\compiler-sfc\__tests__\fixture\import.scss", "SCSS", 0, 0, 0, 0, 0, 0, 0, 3, 0, 0, 1, 4
"d:\code\source code\vue-next\packages\compiler-sfc\__tests__\parse.spec.ts", "TypeScript", 0, 0, 220, 0, 0, 0, 0, 0, 0, 4, 31, 255
"d:\code\source code\vue-next\packages\compiler-sfc\__tests__\rewriteDefault.spec.ts", "TypeScript", 0, 0, 70, 0, 0, 0, 0, 0, 0, 2, 9, 81
"d:\code\source code\vue-next\packages\compiler-sfc\__tests__\templateTransformAssetUrl.spec.ts", "TypeScript", 0, 0, 105, 0, 0, 0, 0, 0, 0, 8, 19, 132
"d:\code\source code\vue-next\packages\compiler-sfc\__tests__\templateTransformSrcset.spec.ts", "TypeScript", 0, 0, 57, 0, 0, 0, 0, 0, 0, 0, 6, 63
"d:\code\source code\vue-next\packages\compiler-sfc\__tests__\templateUtils.spec.ts", "TypeScript", 0, 0, 8, 0, 0, 0, 0, 0, 0, 45, 1, 54
"d:\code\source code\vue-next\packages\compiler-sfc\__tests__\utils.ts", "TypeScript", 0, 0, 26, 0, 0, 0, 0, 0, 0, 1, 4, 31
"d:\code\source code\vue-next\packages\compiler-sfc\api-extractor.json", "JSON", 7, 0, 0, 0, 0, 0, 0, 0, 0, 0, 1, 8
"d:\code\source code\vue-next\packages\compiler-sfc\index.js", "JavaScript", 0, 6, 0, 0, 0, 0, 0, 0, 0, 0, 2, 8
"d:\code\source code\vue-next\packages\compiler-sfc\package.json", "JSON", 60, 0, 0, 0, 0, 0, 0, 0, 0, 0, 1, 61
"d:\code\source code\vue-next\packages\compiler-sfc\src\compileScript.ts", "TypeScript", 0, 0, 1411, 0, 0, 0, 0, 0, 0, 170, 91, 1672
"d:\code\source code\vue-next\packages\compiler-sfc\src\compileStyle.ts", "TypeScript", 0, 0, 208, 0, 0, 0, 0, 0, 0, 14, 20, 242
"d:\code\source code\vue-next\packages\compiler-sfc\src\compileTemplate.ts", "TypeScript", 0, 0, 258, 0, 0, 0, 0, 0, 0, 19, 27, 304
"d:\code\source code\vue-next\packages\compiler-sfc\src\cssVars.ts", "TypeScript", 0, 0, 104, 0, 0, 0, 0, 0, 0, 4, 10, 118
"d:\code\source code\vue-next\packages\compiler-sfc\src\index.ts", "TypeScript", 0, 0, 30, 0, 0, 0, 0, 0, 0, 2, 2, 34
"d:\code\source code\vue-next\packages\compiler-sfc\src\parse.ts", "TypeScript", 0, 0, 344, 0, 0, 0, 0, 0, 0, 9, 24, 377
"d:\code\source code\vue-next\packages\compiler-sfc\src\rewriteDefault.ts", "TypeScript", 0, 0, 57, 0, 0, 0, 0, 0, 0, 6, 7, 70
"d:\code\source code\vue-next\packages\compiler-sfc\src\shims.d.ts", "TypeScript", 0, 0, 3, 0, 0, 0, 0, 0, 0, 0, 1, 4
"d:\code\source code\vue-next\packages\compiler-sfc\src\stylePluginScoped.ts", "TypeScript", 0, 0, 164, 0, 0, 0, 0, 0, 0, 29, 15, 208
"d:\code\source code\vue-next\packages\compiler-sfc\src\stylePluginTrim.ts", "TypeScript", 0, 0, 16, 0, 0, 0, 0, 0, 0, 0, 3, 19
"d:\code\source code\vue-next\packages\compiler-sfc\src\stylePreprocessors.ts", "TypeScript", 0, 0, 123, 0, 0, 0, 0, 0, 0, 3, 17, 143
"d:\code\source code\vue-next\packages\compiler-sfc\src\templateTransformAssetUrl.ts", "TypeScript", 0, 0, 142, 0, 0, 0, 0, 0, 0, 29, 13, 184
"d:\code\source code\vue-next\packages\compiler-sfc\src\templateTransformSrcset.ts", "TypeScript", 0, 0, 141, 0, 0, 0, 0, 0, 0, 5, 12, 158
"d:\code\source code\vue-next\packages\compiler-sfc\src\templateUtils.ts", "TypeScript", 0, 0, 25, 0, 0, 0, 0, 0, 0, 9, 6, 40
"d:\code\source code\vue-next\packages\compiler-sfc\src\warn.ts", "TypeScript", 0, 0, 24, 0, 0, 0, 0, 0, 0, 0, 4, 28
"d:\code\source code\vue-next\packages\compiler-ssr\README.md", "Markdown", 0, 0, 0, 0, 1, 0, 0, 0, 0, 0, 0, 1
"d:\code\source code\vue-next\packages\compiler-ssr\__tests__\ssrComponent.spec.ts", "TypeScript", 0, 0, 340, 0, 0, 0, 0, 0, 0, 2, 38, 380
"d:\code\source code\vue-next\packages\compiler-ssr\__tests__\ssrElement.spec.ts", "TypeScript", 0, 0, 253, 0, 0, 0, 0, 0, 0, 3, 36, 292
"d:\code\source code\vue-next\packages\compiler-ssr\__tests__\ssrInjectCssVars.spec.ts", "TypeScript", 0, 0, 103, 0, 0, 0, 0, 0, 0, 0, 12, 115
"d:\code\source code\vue-next\packages\compiler-ssr\__tests__\ssrPortal.spec.ts", "TypeScript", 0, 0, 35, 0, 0, 0, 0, 0, 0, 0, 7, 42
"d:\code\source code\vue-next\packages\compiler-ssr\__tests__\ssrScopeId.spec.ts", "TypeScript", 0, 0, 114, 0, 0, 0, 0, 0, 0, 1, 13, 128
"d:\code\source code\vue-next\packages\compiler-ssr\__tests__\ssrSlotOutlet.spec.ts", "TypeScript", 0, 0, 100, 0, 0, 0, 0, 0, 0, 0, 18, 118
"d:\code\source code\vue-next\packages\compiler-ssr\__tests__\ssrSuspense.spec.ts", "TypeScript", 0, 0, 45, 0, 0, 0, 0, 0, 0, 0, 7, 52
"d:\code\source code\vue-next\packages\compiler-ssr\__tests__\ssrText.spec.ts", "TypeScript", 0, 0, 59, 0, 0, 0, 0, 0, 0, 3, 11, 73
"d:\code\source code\vue-next\packages\compiler-ssr\__tests__\ssrVFor.spec.ts", "TypeScript", 0, 0, 120, 0, 0, 0, 0, 0, 0, 0, 15, 135
"d:\code\source code\vue-next\packages\compiler-ssr\__tests__\ssrVIf.spec.ts", "TypeScript", 0, 0, 145, 0, 0, 0, 0, 0, 0, 1, 19, 165
"d:\code\source code\vue-next\packages\compiler-ssr\__tests__\ssrVModel.spec.ts", "TypeScript", 0, 0, 190, 0, 0, 0, 0, 0, 0, 0, 30, 220
"d:\code\source code\vue-next\packages\compiler-ssr\__tests__\ssrVShow.spec.ts", "TypeScript", 0, 0, 106, 0, 0, 0, 0, 0, 0, 0, 14, 120
"d:\code\source code\vue-next\packages\compiler-ssr\__tests__\utils.ts", "TypeScript", 0, 0, 11, 0, 0, 0, 0, 0, 0, 3, 4, 18
"d:\code\source code\vue-next\packages\compiler-ssr\api-extractor.json", "JSON", 7, 0, 0, 0, 0, 0, 0, 0, 0, 0, 1, 8
"d:\code\source code\vue-next\packages\compiler-ssr\index.js", "JavaScript", 0, 6, 0, 0, 0, 0, 0, 0, 0, 0, 2, 8
"d:\code\source code\vue-next\packages\compiler-ssr\package.json", "JSON", 34, 0, 0, 0, 0, 0, 0, 0, 0, 0, 1, 35
"d:\code\source code\vue-next\packages\compiler-ssr\src\errors.ts", "TypeScript", 0, 0, 27, 0, 0, 0, 0, 0, 0, 0, 5, 32
"d:\code\source code\vue-next\packages\compiler-ssr\src\index.ts", "TypeScript", 0, 0, 71, 0, 0, 0, 0, 0, 0, 10, 7, 88
"d:\code\source code\vue-next\packages\compiler-ssr\src\runtimeHelpers.ts", "TypeScript", 0, 0, 36, 0, 0, 0, 0, 0, 0, 2, 4, 42
"d:\code\source code\vue-next\packages\compiler-ssr\src\ssrCodegenTransform.ts", "TypeScript", 0, 0, 188, 0, 0, 0, 0, 0, 0, 20, 13, 221
"d:\code\source code\vue-next\packages\compiler-ssr\src\transforms\ssrInjectCssVars.ts", "TypeScript", 0, 0, 60, 0, 0, 0, 0, 0, 0, 4, 6, 70
"d:\code\source code\vue-next\packages\compiler-ssr\src\transforms\ssrInjectFallthroughAttrs.ts", "TypeScript", 0, 0, 44, 0, 0, 0, 0, 0, 0, 3, 6, 53
"d:\code\source code\vue-next\packages\compiler-ssr\src\transforms\ssrTransformComponent.ts", "TypeScript", 0, 0, 251, 0, 0, 0, 0, 0, 0, 49, 23, 323
"d:\code\source code\vue-next\packages\compiler-ssr\src\transforms\ssrTransformElement.ts", "TypeScript", 0, 0, 335, 0, 0, 0, 0, 0, 0, 36, 25, 396
"d:\code\source code\vue-next\packages\compiler-ssr\src\transforms\ssrTransformSlotOutlet.ts", "TypeScript", 0, 0, 51, 0, 0, 0, 0, 0, 0, 5, 9, 65
"d:\code\source code\vue-next\packages\compiler-ssr\src\transforms\ssrTransformSuspense.ts", "TypeScript", 0, 0, 71, 0, 0, 0, 0, 0, 0, 4, 5, 80
"d:\code\source code\vue-next\packages\compiler-ssr\src\transforms\ssrTransformTeleport.ts", "TypeScript", 0, 0, 66, 0, 0, 0, 0, 0, 0, 1, 5, 72
"d:\code\source code\vue-next\packages\compiler-ssr\src\transforms\ssrTransformTransitionGroup.ts", "TypeScript", 0, 0, 30, 0, 0, 0, 0, 0, 0, 9, 3, 42
"d:\code\source code\vue-next\packages\compiler-ssr\src\transforms\ssrVFor.ts", "TypeScript", 0, 0, 47, 0, 0, 0, 0, 0, 0, 4, 3, 54
"d:\code\source code\vue-next\packages\compiler-ssr\src\transforms\ssrVIf.ts", "TypeScript", 0, 0, 65, 0, 0, 0, 0, 0, 0, 6, 6, 77
"d:\code\source code\vue-next\packages\compiler-ssr\src\transforms\ssrVModel.ts", "TypeScript", 0, 0, 142, 0, 0, 0, 0, 0, 0, 10, 6, 158
"d:\code\source code\vue-next\packages\compiler-ssr\src\transforms\ssrVShow.ts", "TypeScript", 0, 0, 34, 0, 0, 0, 0, 0, 0, 0, 2, 36
"d:\code\source code\vue-next\packages\global.d.ts", "TypeScript", 0, 0, 19, 0, 0, 0, 0, 0, 0, 3, 3, 25
"d:\code\source code\vue-next\packages\reactivity\README.md", "Markdown", 0, 0, 0, 0, 11, 0, 0, 0, 0, 0, 9, 20
"d:\code\source code\vue-next\packages\reactivity\__tests__\collections\Map.spec.ts", "TypeScript", 0, 0, 414, 0, 0, 0, 0, 0, 0, 8, 56, 478
"d:\code\source code\vue-next\packages\reactivity\__tests__\collections\Set.spec.ts", "TypeScript", 0, 0, 407, 0, 0, 0, 0, 0, 0, 1, 57, 465
"d:\code\source code\vue-next\packages\reactivity\__tests__\collections\WeakMap.spec.ts", "TypeScript", 0, 0, 127, 0, 0, 0, 0, 0, 0, 0, 16, 143
"d:\code\source code\vue-next\packages\reactivity\__tests__\collections\WeakSet.spec.ts", "TypeScript", 0, 0, 94, 0, 0, 0, 0, 0, 0, 0, 16, 110
"d:\code\source code\vue-next\packages\reactivity\__tests__\computed.spec.ts", "TypeScript", 0, 0, 164, 0, 0, 0, 0, 0, 0, 7, 26, 197
"d:\code\source code\vue-next\packages\reactivity\__tests__\effect.spec.ts", "TypeScript", 0, 0, 698, 0, 0, 0, 0, 0, 0, 21, 96, 815
"d:\code\source code\vue-next\packages\reactivity\__tests__\reactive.spec.ts", "TypeScript", 0, 0, 215, 0, 0, 0, 0, 0, 0, 25, 36, 276
"d:\code\source code\vue-next\packages\reactivity\__tests__\reactiveArray.spec.ts", "TypeScript", 0, 0, 147, 0, 0, 0, 0, 0, 0, 11, 17, 175
"d:\code\source code\vue-next\packages\reactivity\__tests__\readonly.spec.ts", "TypeScript", 0, 0, 397, 0, 0, 0, 0, 0, 0, 24, 45, 466
"d:\code\source code\vue-next\packages\reactivity\__tests__\ref.spec.ts", "TypeScript", 0, 0, 271, 0, 0, 0, 0, 0, 0, 13, 56, 340
"d:\code\source code\vue-next\packages\reactivity\__tests__\shallowReactive.spec.ts", "TypeScript", 0, 0, 100, 0, 0, 0, 0, 0, 0, 1, 25, 126
"d:\code\source code\vue-next\packages\reactivity\api-extractor.json", "JSON", 7, 0, 0, 0, 0, 0, 0, 0, 0, 0, 1, 8
"d:\code\source code\vue-next\packages\reactivity\index.js", "JavaScript", 0, 6, 0, 0, 0, 0, 0, 0, 0, 0, 2, 8
"d:\code\source code\vue-next\packages\reactivity\package.json", "JSON", 41, 0, 0, 0, 0, 0, 0, 0, 0, 0, 1, 42
"d:\code\source code\vue-next\packages\reactivity\src\baseHandlers.ts", "TypeScript", 0, 0, 199, 0, 0, 0, 0, 0, 0, 15, 25, 239
"d:\code\source code\vue-next\packages\reactivity\src\collectionHandlers.ts", "TypeScript", 0, 0, 315, 0, 0, 0, 0, 0, 0, 11, 34, 360
"d:\code\source code\vue-next\packages\reactivity\src\computed.ts", "TypeScript", 0, 0, 77, 0, 0, 0, 0, 0, 0, 0, 15, 92
"d:\code\source code\vue-next\packages\reactivity\src\effect.ts", "TypeScript", 0, 0, 223, 0, 0, 0, 0, 0, 0, 10, 25, 258
"d:\code\source code\vue-next\packages\reactivity\src\index.ts", "TypeScript", 0, 0, 51, 0, 0, 0, 0, 0, 0, 0, 1, 52
"d:\code\source code\vue-next\packages\reactivity\src\operations.ts", "TypeScript", 0, 0, 11, 0, 0, 0, 0, 0, 0, 2, 3, 16
"d:\code\source code\vue-next\packages\reactivity\src\reactive.ts", "TypeScript", 0, 0, 168, 0, 0, 0, 0, 0, 0, 43, 19, 230
"d:\code\source code\vue-next\packages\reactivity\src\ref.ts", "TypeScript", 0, 0, 185, 0, 0, 0, 0, 0, 0, 33, 38, 256
"d:\code\source code\vue-next\packages\runtime-core\README.md", "Markdown", 0, 0, 0, 0, 20, 0, 0, 0, 0, 0, 9, 29
"d:\code\source code\vue-next\packages\runtime-core\__tests__\apiAsyncComponent.spec.ts", "TypeScript", 0, 0, 596, 0, 0, 0, 0, 0, 0, 34, 118, 748
"d:\code\source code\vue-next\packages\runtime-core\__tests__\apiCreateApp.spec.ts", "TypeScript", 0, 0, 410, 0, 0, 0, 0, 0, 0, 10, 65, 485
"d:\code\source code\vue-next\packages\runtime-core\__tests__\apiExpose.spec.ts", "TypeScript", 0, 0, 160, 0, 0, 0, 0, 0, 0, 0, 13, 173
"d:\code\source code\vue-next\packages\runtime-core\__tests__\apiInject.spec.ts", "TypeScript", 0, 0, 259, 0, 0, 0, 0, 0, 0, 9, 54, 322
"d:\code\source code\vue-next\packages\runtime-core\__tests__\apiLifecycle.spec.ts", "TypeScript", 0, 0, 318, 0, 0, 0, 0, 0, 0, 13, 47, 378
"d:\code\source code\vue-next\packages\runtime-core\__tests__\apiOptions.spec.ts", "TypeScript", 0, 0, 1197, 0, 0, 0, 0, 0, 0, 14, 100, 1311
"d:\code\source code\vue-next\packages\runtime-core\__tests__\apiSetupContext.spec.ts", "TypeScript", 0, 0, 168, 0, 0, 0, 0, 0, 0, 12, 30, 210
"d:\code\source code\vue-next\packages\runtime-core\__tests__\apiSetupHelpers.spec.ts", "TypeScript", 0, 0, 45, 0, 0, 0, 0, 0, 0, 0, 5, 50
"d:\code\source code\vue-next\packages\runtime-core\__tests__\apiTemplateRef.spec.ts", "TypeScript", 0, 0, 313, 0, 0, 0, 0, 0, 0, 7, 49, 369
"d:\code\source code\vue-next\packages\runtime-core\__tests__\apiWatch.spec.ts", "TypeScript", 0, 0, 739, 0, 0, 0, 0, 0, 0, 41, 101, 881
"d:\code\source code\vue-next\packages\runtime-core\__tests__\componentEmits.spec.ts", "TypeScript", 0, 0, 259, 0, 0, 0, 0, 0, 0, 12, 35, 306
"d:\code\source code\vue-next\packages\runtime-core\__tests__\componentProps.spec.ts", "TypeScript", 0, 0, 347, 0, 0, 0, 0, 0, 0, 9, 51, 407
"d:\code\source code\vue-next\packages\runtime-core\__tests__\componentPublicInstance.spec.ts", "TypeScript", 0, 0, 209, 0, 0, 0, 0, 0, 0, 14, 23, 246
"d:\code\source code\vue-next\packages\runtime-core\__tests__\componentSlots.spec.ts", "TypeScript", 0, 0, 196, 0, 0, 0, 0, 0, 0, 4, 42, 242
"d:\code\source code\vue-next\packages\runtime-core\__tests__\components\BaseTransition.spec.ts", "TypeScript", 0, 0, 903, 0, 0, 0, 0, 0, 0, 92, 100, 1095
"d:\code\source code\vue-next\packages\runtime-core\__tests__\components\KeepAlive.spec.ts", "TypeScript", 0, 0, 693, 0, 0, 0, 0, 0, 0, 21, 113, 827
"d:\code\source code\vue-next\packages\runtime-core\__tests__\components\Suspense.spec.ts", "TypeScript", 0, 0, 926, 0, 0, 0, 0, 0, 0, 50, 153, 1129
"d:\code\source code\vue-next\packages\runtime-core\__tests__\components\Teleport.spec.ts", "TypeScript", 0, 0, 354, 0, 0, 0, 0, 0, 0, 7, 51, 412
"d:\code\source code\vue-next\packages\runtime-core\__tests__\directives.spec.ts", "TypeScript", 0, 0, 277, 0, 0, 0, 0, 0, 0, 23, 71, 371
"d:\code\source code\vue-next\packages\runtime-core\__tests__\errorHandling.spec.ts", "TypeScript", 0, 0, 462, 0, 0, 0, 0, 0, 0, 3, 76, 541
"d:\code\source code\vue-next\packages\runtime-core\__tests__\h.spec.ts", "TypeScript", 0, 0, 62, 0, 0, 0, 0, 0, 0, 15, 7, 84
"d:\code\source code\vue-next\packages\runtime-core\__tests__\helpers\createSlots.spec.ts", "TypeScript", 0, 0, 42, 0, 0, 0, 0, 0, 0, 0, 15, 57
"d:\code\source code\vue-next\packages\runtime-core\__tests__\helpers\renderList.spec.ts", "TypeScript", 0, 0, 49, 0, 0, 0, 0, 0, 0, 0, 9, 58
"d:\code\source code\vue-next\packages\runtime-core\__tests__\helpers\renderSlot.spec.ts", "TypeScript", 0, 0, 66, 0, 0, 0, 0, 0, 0, 5, 9, 80
"d:\code\source code\vue-next\packages\runtime-core\__tests__\helpers\resolveAssets.spec.ts", "TypeScript", 0, 0, 183, 0, 0, 0, 0, 0, 0, 8, 22, 213
"d:\code\source code\vue-next\packages\runtime-core\__tests__\helpers\toHandlers.spec.ts", "TypeScript", 0, 0, 18, 0, 0, 0, 0, 0, 0, 0, 5, 23
"d:\code\source code\vue-next\packages\runtime-core\__tests__\hmr.spec.ts", "TypeScript", 0, 0, 273, 0, 0, 0, 0, 0, 0, 13, 50, 336
"d:\code\source code\vue-next\packages\runtime-core\__tests__\hydration.spec.ts", "TypeScript", 0, 0, 595, 0, 0, 0, 0, 0, 0, 34, 96, 725
"d:\code\source code\vue-next\packages\runtime-core\__tests__\misc.spec.ts", "TypeScript", 0, 0, 17, 0, 0, 0, 0, 0, 0, 0, 2, 19
"d:\code\source code\vue-next\packages\runtime-core\__tests__\rendererAttrsFallthrough.spec.ts", "TypeScript", 0, 0, 545, 0, 0, 0, 0, 0, 0, 13, 103, 661
"d:\code\source code\vue-next\packages\runtime-core\__tests__\rendererChildren.spec.ts", "TypeScript", 0, 0, 531, 0, 0, 0, 0, 0, 0, 7, 91, 629
"d:\code\source code\vue-next\packages\runtime-core\__tests__\rendererComponent.spec.ts", "TypeScript", 0, 0, 238, 0, 0, 0, 0, 0, 0, 8, 33, 279
"d:\code\source code\vue-next\packages\runtime-core\__tests__\rendererElement.spec.ts", "TypeScript", 0, 0, 41, 0, 0, 0, 0, 0, 0, 0, 11, 52
"d:\code\source code\vue-next\packages\runtime-core\__tests__\rendererFragment.spec.ts", "TypeScript", 0, 0, 283, 0, 0, 0, 0, 0, 0, 11, 25, 319
"d:\code\source code\vue-next\packages\runtime-core\__tests__\rendererOptimizedMode.spec.ts", "TypeScript", 0, 0, 439, 0, 0, 0, 0, 0, 0, 16, 66, 521
"d:\code\source code\vue-next\packages\runtime-core\__tests__\scheduler.spec.ts", "TypeScript", 0, 0, 469, 0, 0, 0, 0, 0, 0, 29, 64, 562
"d:\code\source code\vue-next\packages\runtime-core\__tests__\scopeId.spec.ts", "TypeScript", 0, 0, 146, 0, 0, 0, 0, 0, 0, 19, 16, 181
"d:\code\source code\vue-next\packages\runtime-core\__tests__\vnode.spec.ts", "TypeScript", 0, 0, 532, 0, 0, 0, 0, 0, 0, 31, 70, 633
"d:\code\source code\vue-next\packages\runtime-core\__tests__\vnodeHooks.spec.ts", "TypeScript", 0, 0, 88, 0, 0, 0, 0, 0, 0, 2, 9, 99
"d:\code\source code\vue-next\packages\runtime-core\api-extractor.json", "JSON", 7, 0, 0, 0, 0, 0, 0, 0, 0, 0, 1, 8
"d:\code\source code\vue-next\packages\runtime-core\index.js", "JavaScript", 0, 6, 0, 0, 0, 0, 0, 0, 0, 0, 2, 8
"d:\code\source code\vue-next\packages\runtime-core\package.json", "JSON", 38, 0, 0, 0, 0, 0, 0, 0, 0, 0, 1, 39
"d:\code\source code\vue-next\packages\runtime-core\src\apiAsyncComponent.ts", "TypeScript", 0, 0, 183, 0, 0, 0, 0, 0, 0, 4, 20, 207
"d:\code\source code\vue-next\packages\runtime-core\src\apiComputed.ts", "TypeScript", 0, 0, 19, 0, 0, 0, 0, 0, 0, 0, 2, 21
"d:\code\source code\vue-next\packages\runtime-core\src\apiCreateApp.ts", "TypeScript", 0, 0, 255, 0, 0, 0, 0, 0, 0, 18, 32, 305
"d:\code\source code\vue-next\packages\runtime-core\src\apiDefineComponent.ts", "TypeScript", 0, 0, 160, 0, 0, 0, 0, 0, 0, 17, 9, 186
"d:\code\source code\vue-next\packages\runtime-core\src\apiInject.ts", "TypeScript", 0, 0, 55, 0, 0, 0, 0, 0, 0, 12, 5, 72
"d:\code\source code\vue-next\packages\runtime-core\src\apiLifecycle.ts", "TypeScript", 0, 0, 81, 0, 0, 0, 0, 0, 0, 9, 8, 98
"d:\code\source code\vue-next\packages\runtime-core\src\apiSetupHelpers.ts", "TypeScript", 0, 0, 53, 0, 0, 0, 0, 0, 0, 9, 4, 66
"d:\code\source code\vue-next\packages\runtime-core\src\apiWatch.ts", "TypeScript", 0, 0, 306, 0, 0, 0, 0, 0, 0, 24, 32, 362
"d:\code\source code\vue-next\packages\runtime-core\src\component.ts", "TypeScript", 0, 0, 556, 0, 0, 0, 0, 0, 0, 223, 70, 849
"d:\code\source code\vue-next\packages\runtime-core\src\componentEmits.ts", "TypeScript", 0, 0, 185, 0, 0, 0, 0, 0, 0, 8, 18, 211
"d:\code\source code\vue-next\packages\runtime-core\src\componentOptions.ts", "TypeScript", 0, 0, 844, 0, 0, 0, 0, 0, 0, 83, 64, 991
"d:\code\source code\vue-next\packages\runtime-core\src\componentProps.ts", "TypeScript", 0, 0, 492, 0, 0, 0, 0, 0, 0, 69, 46, 607
"d:\code\source code\vue-next\packages\runtime-core\src\componentPublicInstance.ts", "TypeScript", 0, 0, 449, 0, 0, 0, 0, 0, 0, 61, 32, 542
"d:\code\source code\vue-next\packages\runtime-core\src\componentRenderContext.ts", "TypeScript", 0, 0, 35, 0, 0, 0, 0, 0, 0, 18, 5, 58
"d:\code\source code\vue-next\packages\runtime-core\src\componentRenderUtils.ts", "TypeScript", 0, 0, 331, 0, 0, 0, 0, 0, 0, 38, 22, 391
"d:\code\source code\vue-next\packages\runtime-core\src\componentSlots.ts", "TypeScript", 0, 0, 138, 0, 0, 0, 0, 0, 0, 24, 13, 175
"d:\code\source code\vue-next\packages\runtime-core\src\components\BaseTransition.ts", "TypeScript", 0, 0, 397, 0, 0, 0, 0, 0, 0, 48, 38, 483
"d:\code\source code\vue-next\packages\runtime-core\src\components\KeepAlive.ts", "TypeScript", 0, 0, 314, 0, 0, 0, 0, 0, 0, 44, 37, 395
"d:\code\source code\vue-next\packages\runtime-core\src\components\Suspense.ts", "TypeScript", 0, 0, 668, 0, 0, 0, 0, 0, 0, 69, 36, 773
"d:\code\source code\vue-next\packages\runtime-core\src\components\Teleport.ts", "TypeScript", 0, 0, 305, 0, 0, 0, 0, 0, 0, 25, 21, 351
"d:\code\source code\vue-next\packages\runtime-core\src\customFormatter.ts", "TypeScript", 0, 0, 182, 0, 0, 0, 0, 0, 0, 4, 13, 199
"d:\code\source code\vue-next\packages\runtime-core\src\devtools.ts", "TypeScript", 0, 0, 76, 0, 0, 0, 0, 0, 0, 1, 13, 90
"d:\code\source code\vue-next\packages\runtime-core\src\directives.ts", "TypeScript", 0, 0, 108, 0, 0, 0, 0, 0, 0, 16, 14, 138
"d:\code\source code\vue-next\packages\runtime-core\src\errorHandling.ts", "TypeScript", 0, 0, 150, 0, 0, 0, 0, 0, 0, 7, 9, 166
"d:\code\source code\vue-next\packages\runtime-core\src\featureFlags.ts", "TypeScript", 0, 0, 20, 0, 0, 0, 0, 0, 0, 7, 5, 32
"d:\code\source code\vue-next\packages\runtime-core\src\h.ts", "TypeScript", 0, 0, 117, 0, 0, 0, 0, 0, 0, 49, 19, 185
"d:\code\source code\vue-next\packages\runtime-core\src\helpers\createSlots.ts", "TypeScript", 0, 0, 25, 0, 0, 0, 0, 0, 0, 6, 3, 34
"d:\code\source code\vue-next\packages\runtime-core\src\helpers\renderList.ts", "TypeScript", 0, 0, 62, 0, 0, 0, 0, 0, 0, 19, 7, 88
"d:\code\source code\vue-next\packages\runtime-core\src\helpers\renderSlot.ts", "TypeScript", 0, 0, 62, 0, 0, 0, 0, 0, 0, 10, 6, 78
"d:\code\source code\vue-next\packages\runtime-core\src\helpers\resolveAssets.ts", "TypeScript", 0, 0, 80, 0, 0, 0, 0, 0, 0, 22, 11, 113
"d:\code\source code\vue-next\packages\runtime-core\src\helpers\toHandlers.ts", "TypeScript", 0, 0, 13, 0, 0, 0, 0, 0, 0, 4, 2, 19
"d:\code\source code\vue-next\packages\runtime-core\src\helpers\typeUtils.ts", "TypeScript", 0, 0, 5, 0, 0, 0, 0, 0, 0, 0, 1, 6
"d:\code\source code\vue-next\packages\runtime-core\src\helpers\useSsrContext.ts", "TypeScript", 0, 0, 17, 0, 0, 0, 0, 0, 0, 0, 3, 20
"d:\code\source code\vue-next\packages\runtime-core\src\hmr.ts", "TypeScript", 0, 0, 129, 0, 0, 0, 0, 0, 0, 20, 16, 165
"d:\code\source code\vue-next\packages\runtime-core\src\hydration.ts", "TypeScript", 0, 0, 445, 0, 0, 0, 0, 0, 0, 29, 23, 497
"d:\code\source code\vue-next\packages\runtime-core\src\index.ts", "TypeScript", 0, 0, 221, 0, 0, 0, 0, 0, 0, 35, 21, 277
"d:\code\source code\vue-next\packages\runtime-core\src\profiling.ts", "TypeScript", 0, 0, 37, 0, 0, 0, 0, 0, 0, 2, 5, 44
"d:\code\source code\vue-next\packages\runtime-core\src\renderer.ts", "TypeScript", 0, 0, 2014, 0, 0, 0, 0, 0, 0, 238, 141, 2393
"d:\code\source code\vue-next\packages\runtime-core\src\scheduler.ts", "TypeScript", 0, 0, 203, 0, 0, 0, 0, 0, 0, 41, 34, 278
"d:\code\source code\vue-next\packages\runtime-core\src\vnode.ts", "TypeScript", 0, 0, 487, 0, 0, 0, 0, 0, 0, 142, 55, 684
"d:\code\source code\vue-next\packages\runtime-core\src\warning.ts", "TypeScript", 0, 0, 134, 0, 0, 0, 0, 0, 0, 10, 19, 163
"d:\code\source code\vue-next\packages\runtime-core\types\refBail.d.ts", "TypeScript", 0, 0, 9, 0, 0, 0, 0, 0, 0, 4, 2, 15
"d:\code\source code\vue-next\packages\runtime-dom\README.md", "Markdown", 0, 0, 0, 0, 10, 0, 0, 0, 0, 0, 4, 14
"d:\code\source code\vue-next\packages\runtime-dom\__tests__\createApp.spec.ts", "TypeScript", 0, 0, 13, 0, 0, 0, 0, 0, 0, 1, 2, 16
"d:\code\source code\vue-next\packages\runtime-dom\__tests__\customizedBuiltIn.spec.ts", "TypeScript", 0, 0, 17, 0, 0, 0, 0, 0, 0, 1, 3, 21
"d:\code\source code\vue-next\packages\runtime-dom\__tests__\directives\vCloak.spec.ts", "TypeScript", 0, 0, 11, 0, 0, 0, 0, 0, 0, 0, 2, 13
"d:\code\source code\vue-next\packages\runtime-dom\__tests__\directives\vModel.spec.ts", "TypeScript", 0, 0, 898, 0, 0, 0, 0, 0, 0, 9, 126, 1033
"d:\code\source code\vue-next\packages\runtime-dom\__tests__\directives\vOn.spec.ts", "TypeScript", 0, 0, 118, 0, 0, 0, 0, 0, 0, 4, 13, 135
"d:\code\source code\vue-next\packages\runtime-dom\__tests__\directives\vShow.spec.ts", "TypeScript", 0, 0, 151, 0, 0, 0, 0, 0, 0, 2, 36, 189
"d:\code\source code\vue-next\packages\runtime-dom\__tests__\helpers\useCssModule.spec.ts", "TypeScript", 0, 0, 46, 0, 0, 0, 0, 0, 0, 0, 7, 53
"d:\code\source code\vue-next\packages\runtime-dom\__tests__\helpers\useCssVars.spec.ts", "TypeScript", 0, 0, 120, 0, 0, 0, 0, 0, 0, 6, 18, 144
"d:\code\source code\vue-next\packages\runtime-dom\__tests__\patchAttrs.spec.ts", "TypeScript", 0, 0, 32, 0, 0, 0, 0, 0, 0, 1, 5, 38
"d:\code\source code\vue-next\packages\runtime-dom\__tests__\patchClass.spec.ts", "TypeScript", 0, 0, 28, 0, 0, 0, 0, 0, 0, 0, 4, 32
"d:\code\source code\vue-next\packages\runtime-dom\__tests__\patchEvents.spec.ts", "TypeScript", 0, 0, 154, 0, 0, 0, 0, 0, 0, 5, 24, 183
"d:\code\source code\vue-next\packages\runtime-dom\__tests__\patchProps.spec.ts", "TypeScript", 0, 0, 125, 0, 0, 0, 0, 0, 0, 14, 21, 160
"d:\code\source code\vue-next\packages\runtime-dom\__tests__\patchStyle.spec.ts", "TypeScript", 0, 0, 95, 0, 0, 0, 0, 0, 0, 3, 14, 112
"d:\code\source code\vue-next\packages\runtime-dom\__tests__\rendererStaticNode.spec.ts", "TypeScript", 0, 0, 42, 0, 0, 0, 0, 0, 0, 1, 8, 51
"d:\code\source code\vue-next\packages\runtime-dom\api-extractor.json", "JSON", 7, 0, 0, 0, 0, 0, 0, 0, 0, 0, 1, 8
"d:\code\source code\vue-next\packages\runtime-dom\index.js", "JavaScript", 0, 6, 0, 0, 0, 0, 0, 0, 0, 0, 2, 8
"d:\code\source code\vue-next\packages\runtime-dom\package.json", "JSON", 42, 0, 0, 0, 0, 0, 0, 0, 0, 0, 1, 43
"d:\code\source code\vue-next\packages\runtime-dom\src\components\Transition.ts", "TypeScript", 0, 0, 320, 0, 0, 0, 0, 0, 0, 15, 33, 368
"d:\code\source code\vue-next\packages\runtime-dom\src\components\TransitionGroup.ts", "TypeScript", 0, 0, 165, 0, 0, 0, 0, 0, 0, 15, 22, 202
"d:\code\source code\vue-next\packages\runtime-dom\src\directives\vModel.ts", "TypeScript", 0, 0, 287, 0, 0, 0, 0, 0, 0, 16, 20, 323
"d:\code\source code\vue-next\packages\runtime-dom\src\directives\vOn.ts", "TypeScript", 0, 0, 50, 0, 0, 0, 0, 0, 0, 9, 7, 66
"d:\code\source code\vue-next\packages\runtime-dom\src\directives\vShow.ts", "TypeScript", 0, 0, 48, 0, 0, 0, 0, 0, 0, 1, 5, 54
"d:\code\source code\vue-next\packages\runtime-dom\src\helpers\useCssModule.ts", "TypeScript", 0, 0, 28, 0, 0, 0, 0, 0, 0, 1, 2, 31
"d:\code\source code\vue-next\packages\runtime-dom\src\helpers\useCssVars.ts", "TypeScript", 0, 0, 45, 0, 0, 0, 0, 0, 0, 6, 7, 58
"d:\code\source code\vue-next\packages\runtime-dom\src\index.ts", "TypeScript", 0, 0, 141, 0, 0, 0, 0, 0, 0, 14, 24, 179
"d:\code\source code\vue-next\packages\runtime-dom\src\modules\attrs.ts", "TypeScript", 0, 0, 23, 0, 0, 0, 0, 0, 0, 2, 3, 28
"d:\code\source code\vue-next\packages\runtime-dom\src\modules\class.ts", "TypeScript", 0, 0, 18, 0, 0, 0, 0, 0, 0, 5, 2, 25
"d:\code\source code\vue-next\packages\runtime-dom\src\modules\events.ts", "TypeScript", 0, 0, 110, 0, 0, 0, 0, 0, 0, 20, 13, 143
"d:\code\source code\vue-next\packages\runtime-dom\src\modules\props.ts", "TypeScript", 0, 0, 52, 0, 0, 0, 0, 0, 0, 13, 6, 71
"d:\code\source code\vue-next\packages\runtime-dom\src\modules\style.ts", "TypeScript", 0, 0, 73, 0, 0, 0, 0, 0, 0, 5, 7, 85
"d:\code\source code\vue-next\packages\runtime-dom\src\nodeOps.ts", "TypeScript", 0, 0, 53, 0, 0, 0, 0, 0, 0, 4, 17, 74
"d:\code\source code\vue-next\packages\runtime-dom\src\patchProp.ts", "TypeScript", 0, 0, 87, 0, 0, 0, 0, 0, 0, 20, 12, 119
"d:\code\source code\vue-next\packages\runtime-dom\types\jsx.d.ts", "TypeScript", 0, 0, 1048, 0, 0, 0, 0, 0, 0, 214, 97, 1359
"d:\code\source code\vue-next\packages\runtime-dom\types\refBail.d.ts", "TypeScript", 0, 0, 5, 0, 0, 0, 0, 0, 0, 2, 2, 9
"d:\code\source code\vue-next\packages\runtime-test\README.md", "Markdown", 0, 0, 0, 0, 21, 0, 0, 0, 0, 0, 7, 28
"d:\code\source code\vue-next\packages\runtime-test\__tests__\testRuntime.spec.ts", "TypeScript", 0, 0, 188, 0, 0, 0, 0, 0, 0, 2, 27, 217
"d:\code\source code\vue-next\packages\runtime-test\api-extractor.json", "JSON", 7, 0, 0, 0, 0, 0, 0, 0, 0, 0, 1, 8
"d:\code\source code\vue-next\packages\runtime-test\index.js", "JavaScript", 0, 6, 0, 0, 0, 0, 0, 0, 0, 0, 2, 8
"d:\code\source code\vue-next\packages\runtime-test\package.json", "JSON", 31, 0, 0, 0, 0, 0, 0, 0, 0, 0, 1, 32
"d:\code\source code\vue-next\packages\runtime-test\src\index.ts", "TypeScript", 0, 0, 24, 0, 0, 0, 0, 0, 0, 1, 5, 30
"d:\code\source code\vue-next\packages\runtime-test\src\nodeOps.ts", "TypeScript", 0, 0, 219, 0, 0, 0, 0, 0, 0, 5, 24, 248
"d:\code\source code\vue-next\packages\runtime-test\src\patchProp.ts", "TypeScript", 0, 0, 21, 0, 0, 0, 0, 0, 0, 0, 2, 23
"d:\code\source code\vue-next\packages\runtime-test\src\serialize.ts", "TypeScript", 0, 0, 65, 0, 0, 0, 0, 0, 0, 0, 5, 70
"d:\code\source code\vue-next\packages\runtime-test\src\triggerEvent.ts", "TypeScript", 0, 0, 21, 0, 0, 0, 0, 0, 0, 0, 2, 23
"d:\code\source code\vue-next\packages\server-renderer\README.md", "Markdown", 0, 0, 0, 0, 13, 0, 0, 0, 0, 0, 4, 17
"d:\code\source code\vue-next\packages\server-renderer\__tests__\render.spec.ts", "TypeScript", 0, 0, 637, 0, 0, 0, 0, 0, 0, 13, 68, 718
"d:\code\source code\vue-next\packages\server-renderer\__tests__\ssrAttrFallthrough.spec.ts", "TypeScript", 0, 0, 72, 0, 0, 0, 0, 0, 0, 1, 6, 79
"d:\code\source code\vue-next\packages\server-renderer\__tests__\ssrDirectives.spec.ts", "TypeScript", 0, 0, 359, 0, 0, 0, 0, 0, 0, 1, 34, 394
"d:\code\source code\vue-next\packages\server-renderer\__tests__\ssrDynamicComponent.spec.ts", "TypeScript", 0, 0, 59, 0, 0, 0, 0, 0, 0, 0, 5, 64
"d:\code\source code\vue-next\packages\server-renderer\__tests__\ssrInterpolate.spec.ts", "TypeScript", 0, 0, 27, 0, 0, 0, 0, 0, 0, 1, 2, 30
"d:\code\source code\vue-next\packages\server-renderer\__tests__\ssrRenderAttrs.spec.ts", "TypeScript", 0, 0, 157, 0, 0, 0, 0, 0, 0, 0, 20, 177
"d:\code\source code\vue-next\packages\server-renderer\__tests__\ssrRenderList.spec.ts", "TypeScript", 0, 0, 50, 0, 0, 0, 0, 0, 0, 0, 11, 61
"d:\code\source code\vue-next\packages\server-renderer\__tests__\ssrScopeId.spec.ts", "TypeScript", 0, 0, 139, 0, 0, 0, 0, 0, 0, 7, 12, 158
"d:\code\source code\vue-next\packages\server-renderer\__tests__\ssrSuspense.spec.ts", "TypeScript", 0, 0, 108, 0, 0, 0, 0, 0, 0, 0, 15, 123
"d:\code\source code\vue-next\packages\server-renderer\__tests__\ssrTeleport.spec.ts", "TypeScript", 0, 0, 111, 0, 0, 0, 0, 0, 0, 0, 6, 117
"d:\code\source code\vue-next\packages\server-renderer\__tests__\ssrVModelHelpers.spec.ts", "TypeScript", 0, 0, 108, 0, 0, 0, 0, 0, 0, 1, 7, 116
"d:\code\source code\vue-next\packages\server-renderer\api-extractor.json", "JSON", 7, 0, 0, 0, 0, 0, 0, 0, 0, 0, 1, 8
"d:\code\source code\vue-next\packages\server-renderer\index.js", "JavaScript", 0, 6, 0, 0, 0, 0, 0, 0, 0, 0, 2, 8
"d:\code\source code\vue-next\packages\server-renderer\package.json", "JSON", 37, 0, 0, 0, 0, 0, 0, 0, 0, 0, 1, 38
"d:\code\source code\vue-next\packages\server-renderer\src\helpers\ssrCompile.ts", "TypeScript", 0, 0, 42, 0, 0, 0, 0, 0, 0, 0, 5, 47
"d:\code\source code\vue-next\packages\server-renderer\src\helpers\ssrInterpolate.ts", "TypeScript", 0, 0, 4, 0, 0, 0, 0, 0, 0, 0, 2, 6
"d:\code\source code\vue-next\packages\server-renderer\src\helpers\ssrRenderAttrs.ts", "TypeScript", 0, 0, 85, 0, 0, 0, 0, 0, 0, 4, 8, 97
"d:\code\source code\vue-next\packages\server-renderer\src\helpers\ssrRenderComponent.ts", "TypeScript", 0, 0, 16, 0, 0, 0, 0, 0, 0, 0, 2, 18
"d:\code\source code\vue-next\packages\server-renderer\src\helpers\ssrRenderList.ts", "TypeScript", 0, 0, 33, 0, 0, 0, 0, 0, 0, 0, 2, 35
"d:\code\source code\vue-next\packages\server-renderer\src\helpers\ssrRenderSlot.ts", "TypeScript", 0, 0, 60, 0, 0, 0, 0, 0, 0, 4, 4, 68
"d:\code\source code\vue-next\packages\server-renderer\src\helpers\ssrRenderSuspense.ts", "TypeScript", 0, 0, 11, 0, 0, 0, 0, 0, 0, 0, 2, 13
"d:\code\source code\vue-next\packages\server-renderer\src\helpers\ssrRenderTeleport.ts", "TypeScript", 0, 0, 32, 0, 0, 0, 0, 0, 0, 0, 6, 38
"d:\code\source code\vue-next\packages\server-renderer\src\helpers\ssrVModelHelpers.ts", "TypeScript", 0, 0, 42, 0, 0, 0, 0, 0, 0, 4, 5, 51
"d:\code\source code\vue-next\packages\server-renderer\src\index.ts", "TypeScript", 0, 0, 23, 0, 0, 0, 0, 0, 0, 3, 3, 29
"d:\code\source code\vue-next\packages\server-renderer\src\render.ts", "TypeScript", 0, 0, 318, 0, 0, 0, 0, 0, 0, 16, 20, 354
"d:\code\source code\vue-next\packages\server-renderer\src\renderToStream.ts", "TypeScript", 0, 0, 63, 0, 0, 0, 0, 0, 0, 6, 9, 78
"d:\code\source code\vue-next\packages\server-renderer\src\renderToString.ts", "TypeScript", 0, 0, 66, 0, 0, 0, 0, 0, 0, 8, 9, 83
"d:\code\source code\vue-next\packages\shared\README.md", "Markdown", 0, 0, 0, 0, 2, 0, 0, 0, 0, 0, 2, 4
"d:\code\source code\vue-next\packages\shared\__tests__\codeframe.spec.ts", "TypeScript", 0, 0, 39, 0, 0, 0, 0, 0, 0, 1, 7, 47
"d:\code\source code\vue-next\packages\shared\__tests__\escapeHtml.spec.ts", "TypeScript", 0, 0, 10, 0, 0, 0, 0, 0, 0, 0, 2, 12
"d:\code\source code\vue-next\packages\shared\__tests__\looseEqual.spec.ts", "TypeScript", 0, 0, 170, 0, 0, 0, 0, 0, 0, 31, 21, 222
"d:\code\source code\vue-next\packages\shared\__tests__\normalizeProp.spec.ts", "TypeScript", 0, 0, 14, 0, 0, 0, 0, 0, 0, 0, 4, 18
"d:\code\source code\vue-next\packages\shared\__tests__\toDisplayString.spec.ts", "TypeScript", 0, 0, 100, 0, 0, 0, 0, 0, 0, 0, 8, 108
"d:\code\source code\vue-next\packages\shared\api-extractor.json", "JSON", 7, 0, 0, 0, 0, 0, 0, 0, 0, 0, 0, 7
"d:\code\source code\vue-next\packages\shared\index.js", "JavaScript", 0, 6, 0, 0, 0, 0, 0, 0, 0, 0, 2, 8
"d:\code\source code\vue-next\packages\shared\package.json", "JSON", 25, 0, 0, 0, 0, 0, 0, 0, 0, 0, 0, 25
"d:\code\source code\vue-next\packages\shared\src\codeframe.ts", "TypeScript", 0, 0, 41, 0, 0, 0, 0, 0, 0, 1, 2, 44
"d:\code\source code\vue-next\packages\shared\src\domAttrConfig.ts", "TypeScript", 0, 0, 54, 0, 0, 0, 0, 0, 0, 24, 8, 86
"d:\code\source code\vue-next\packages\shared\src\domTagConfig.ts", "TypeScript", 0, 0, 27, 0, 0, 0, 0, 0, 0, 4, 5, 36
"d:\code\source code\vue-next\packages\shared\src\escapeHtml.ts", "TypeScript", 0, 0, 43, 0, 0, 0, 0, 0, 0, 1, 9, 53
"d:\code\source code\vue-next\packages\shared\src\globalsWhitelist.ts", "TypeScript", 0, 0, 6, 0, 0, 0, 0, 0, 0, 0, 3, 9
"d:\code\source code\vue-next\packages\shared\src\index.ts", "TypeScript", 0, 0, 130, 0, 0, 0, 0, 0, 0, 24, 29, 183
"d:\code\source code\vue-next\packages\shared\src\looseEqual.ts", "TypeScript", 0, 0, 49, 0, 0, 0, 0, 0, 0, 1, 4, 54
"d:\code\source code\vue-next\packages\shared\src\makeMap.ts", "TypeScript", 0, 0, 11, 0, 0, 0, 0, 0, 0, 7, 1, 19
"d:\code\source code\vue-next\packages\shared\src\normalizeProp.ts", "TypeScript", 0, 0, 71, 0, 0, 0, 0, 0, 0, 1, 7, 79
"d:\code\source code\vue-next\packages\shared\src\patchFlags.ts", "TypeScript", 0, 0, 32, 0, 0, 0, 0, 0, 0, 94, 15, 141
"d:\code\source code\vue-next\packages\shared\src\shapeFlags.ts", "TypeScript", 0, 0, 13, 0, 0, 0, 0, 0, 0, 0, 1, 14
"d:\code\source code\vue-next\packages\shared\src\slotFlags.ts", "TypeScript", 0, 0, 10, 0, 0, 0, 0, 0, 0, 19, 2, 31
"d:\code\source code\vue-next\packages\shared\src\toDisplayString.ts", "TypeScript", 0, 0, 25, 0, 0, 0, 0, 0, 0, 4, 3, 32
"d:\code\source code\vue-next\packages\size-check\README.md", "Markdown", 0, 0, 0, 0, 2, 0, 0, 0, 0, 0, 2, 4
"d:\code\source code\vue-next\packages\size-check\package.json", "JSON", 11, 0, 0, 0, 0, 0, 0, 0, 0, 0, 1, 12
"d:\code\source code\vue-next\packages\size-check\src\index.ts", "TypeScript", 0, 0, 4, 0, 0, 0, 0, 0, 0, 1, 2, 7
"d:\code\source code\vue-next\packages\template-explorer\README.md", "Markdown", 0, 0, 0, 0, 6, 0, 0, 0, 0, 0, 5, 11
"d:\code\source code\vue-next\packages\template-explorer\index.html", "HTML", 0, 0, 0, 0, 0, 0, 18, 0, 0, 0, 3, 21
"d:\code\source code\vue-next\packages\template-explorer\local.html", "HTML", 0, 0, 0, 0, 0, 0, 18, 0, 0, 0, 3, 21
"d:\code\source code\vue-next\packages\template-explorer\package.json", "JSON", 15, 0, 0, 0, 0, 0, 0, 0, 0, 0, 1, 16
"d:\code\source code\vue-next\packages\template-explorer\src\index.ts", "TypeScript", 0, 0, 219, 0, 0, 0, 0, 0, 0, 5, 22, 246
"d:\code\source code\vue-next\packages\template-explorer\src\options.ts", "TypeScript", 0, 0, 173, 0, 0, 0, 0, 0, 0, 8, 14, 195
"d:\code\source code\vue-next\packages\template-explorer\src\theme.ts", "TypeScript", 0, 0, 244, 0, 0, 0, 0, 0, 0, 0, 1, 245
"d:\code\source code\vue-next\packages\template-explorer\style.css", "CSS", 0, 0, 0, 0, 0, 79, 0, 0, 0, 0, 16, 95
"d:\code\source code\vue-next\packages\vue\README.md", "Markdown", 0, 0, 0, 0, 39, 0, 0, 0, 0, 0, 16, 55
"d:\code\source code\vue-next\packages\vue\__tests__\Transition.spec.ts", "TypeScript", 0, 0, 1746, 0, 0, 0, 0, 0, 0, 62, 104, 1912
"d:\code\source code\vue-next\packages\vue\__tests__\TransitionGroup.spec.ts", "TypeScript", 0, 0, 481, 0, 0, 0, 0, 0, 0, 7, 24, 512
"d:\code\source code\vue-next\packages\vue\__tests__\e2eUtils.ts", "TypeScript", 0, 0, 147, 0, 0, 0, 0, 0, 0, 0, 29, 176
"d:\code\source code\vue-next\packages\vue\__tests__\index.spec.ts", "TypeScript", 0, 0, 272, 0, 0, 0, 0, 0, 0, 2, 31, 305
"d:\code\source code\vue-next\packages\vue\__tests__\svgNamespace.spec.ts", "TypeScript", 0, 0, 51, 0, 0, 0, 0, 0, 0, 8, 5, 64
"d:\code\source code\vue-next\packages\vue\__tests__\transition.html", "HTML", 0, 0, 0, 0, 0, 0, 50, 0, 0, 0, 2, 52
"d:\code\source code\vue-next\packages\vue\api-extractor.json", "JSON", 7, 0, 0, 0, 0, 0, 0, 0, 0, 0, 1, 8
"d:\code\source code\vue-next\packages\vue\examples\__tests__\commits.mock.ts", "TypeScript", 0, 0, 575, 0, 0, 0, 0, 0, 0, 0, 1, 576
"d:\code\source code\vue-next\packages\vue\examples\__tests__\commits.spec.ts", "TypeScript", 0, 0, 57, 0, 0, 0, 0, 0, 0, 1, 7, 65
"d:\code\source code\vue-next\packages\vue\examples\__tests__\grid.spec.ts", "TypeScript", 0, 0, 107, 0, 0, 0, 0, 0, 0, 0, 15, 122
"d:\code\source code\vue-next\packages\vue\examples\__tests__\markdown.spec.ts", "TypeScript", 0, 0, 41, 0, 0, 0, 0, 0, 0, 1, 7, 49
"d:\code\source code\vue-next\packages\vue\examples\__tests__\svg.spec.ts", "TypeScript", 0, 0, 135, 0, 0, 0, 0, 0, 0, 3, 20, 158
"d:\code\source code\vue-next\packages\vue\examples\__tests__\todomvc.spec.ts", "TypeScript", 0, 0, 146, 0, 0, 0, 0, 0, 0, 16, 26, 188
"d:\code\source code\vue-next\packages\vue\examples\__tests__\tree.spec.ts", "TypeScript", 0, 0, 101, 0, 0, 0, 0, 0, 0, 3, 12, 116
"d:\code\source code\vue-next\packages\vue\examples\classic\commits.html", "HTML", 0, 0, 0, 0, 0, 0, 69, 0, 0, 0, 8, 77
"d:\code\source code\vue-next\packages\vue\examples\classic\grid.html", "HTML", 0, 0, 0, 0, 0, 0, 151, 0, 0, 4, 13, 168
"d:\code\source code\vue-next\packages\vue\examples\classic\markdown.html", "HTML", 0, 0, 0, 0, 0, 0, 57, 0, 0, 0, 8, 65
"d:\code\source code\vue-next\packages\vue\examples\classic\svg.html", "HTML", 0, 0, 0, 0, 0, 0, 146, 0, 0, 4, 13, 163
"d:\code\source code\vue-next\packages\vue\examples\classic\todomvc.html", "HTML", 0, 0, 0, 0, 0, 0, 180, 0, 0, 0, 17, 197
"d:\code\source code\vue-next\packages\vue\examples\classic\tree.html", "HTML", 0, 0, 0, 0, 0, 0, 118, 0, 0, 3, 7, 128
"d:\code\source code\vue-next\packages\vue\examples\composition\commits.html", "HTML", 0, 0, 0, 0, 0, 0, 67, 0, 0, 0, 9, 76
"d:\code\source code\vue-next\packages\vue\examples\composition\grid.html", "HTML", 0, 0, 0, 0, 0, 0, 152, 0, 0, 4, 18, 174
"d:\code\source code\vue-next\packages\vue\examples\composition\markdown.html", "HTML", 0, 0, 0, 0, 0, 0, 55, 0, 0, 0, 9, 64
"d:\code\source code\vue-next\packages\vue\examples\composition\svg.html", "HTML", 0, 0, 0, 0, 0, 0, 152, 0, 0, 4, 17, 173
"d:\code\source code\vue-next\packages\vue\examples\composition\todomvc.html", "HTML", 0, 0, 0, 0, 0, 0, 187, 0, 0, 0, 20, 207
"d:\code\source code\vue-next\packages\vue\examples\composition\tree.html", "HTML", 0, 0, 0, 0, 0, 0, 116, 0, 0, 3, 12, 131
"d:\code\source code\vue-next\packages\vue\examples\transition\list.html", "HTML", 0, 0, 0, 0, 0, 0, 78, 0, 0, 0, 6, 84
"d:\code\source code\vue-next\packages\vue\examples\transition\modal.html", "HTML", 0, 0, 0, 0, 0, 0, 110, 0, 0, 4, 18, 132
"d:\code\source code\vue-next\packages\vue\index.js", "JavaScript", 0, 6, 0, 0, 0, 0, 0, 0, 0, 0, 2, 8
"d:\code\source code\vue-next\packages\vue\package.json", "JSON", 49, 0, 0, 0, 0, 0, 0, 0, 0, 0, 1, 50
"d:\code\source code\vue-next\packages\vue\src\dev.ts", "TypeScript", 0, 0, 12, 0, 0, 0, 0, 0, 0, 0, 3, 15
"d:\code\source code\vue-next\packages\vue\src\index.ts", "TypeScript", 0, 0, 67, 0, 0, 0, 0, 0, 0, 12, 12, 91
"d:\code\source code\vue-next\packages\vue\src\runtime.ts", "TypeScript", 0, 0, 20, 0, 0, 0, 0, 0, 0, 2, 4, 26
"d:\code\source code\vue-next\rollup.config.js", "JavaScript", 0, 229, 0, 0, 0, 0, 0, 0, 0, 18, 24, 271
"d:\code\source code\vue-next\scripts\bootstrap.js", "JavaScript", 0, 88, 0, 0, 0, 0, 0, 0, 0, 1, 11, 100
"d:\code\source code\vue-next\scripts\build.js", "JavaScript", 0, 150, 0, 0, 0, 0, 0, 0, 0, 20, 20, 190
"d:\code\source code\vue-next\scripts\checkYarn.js", "JavaScript", 0, 6, 0, 0, 0, 0, 0, 0, 0, 0, 1, 7
"d:\code\source code\vue-next\scripts\dev.js", "JavaScript", 0, 25, 0, 0, 0, 0, 0, 0, 0, 17, 3, 45
"d:\code\source code\vue-next\scripts\release.js", "JavaScript", 0, 179, 0, 0, 0, 0, 0, 0, 0, 14, 28, 221
"d:\code\source code\vue-next\scripts\setupJestEnv.ts", "TypeScript", 0, 0, 86, 0, 0, 0, 0, 0, 0, 0, 7, 93
"d:\code\source code\vue-next\scripts\utils.js", "JavaScript", 0, 37, 0, 0, 0, 0, 0, 0, 0, 0, 4, 41
"d:\code\source code\vue-next\scripts\verifyCommit.js", "JavaScript", 0, 23, 0, 0, 0, 0, 0, 0, 0, 1, 4, 28
"d:\code\source code\vue-next\test-dts\README.md", "Markdown", 0, 0, 0, 0, 7, 0, 0, 0, 0, 0, 7, 14
"d:\code\source code\vue-next\test-dts\component.test-d.ts", "TypeScript", 0, 0, 332, 0, 0, 0, 0, 0, 0, 54, 45, 431
"d:\code\source code\vue-next\test-dts\componentTypeExtensions.test-d.tsx", "TypeScript React", 0, 0, 0, 41, 0, 0, 0, 0, 0, 7, 10, 58
"d:\code\source code\vue-next\test-dts\defineComponent.test-d.tsx", "TypeScript React", 0, 0, 0, 738, 0, 0, 0, 0, 0, 168, 79, 985
"d:\code\source code\vue-next\test-dts\functionalComponent.test-d.tsx", "TypeScript React", 0, 0, 0, 47, 0, 0, 0, 0, 0, 16, 12, 75
"d:\code\source code\vue-next\test-dts\h.test-d.ts", "TypeScript", 0, 0, 149, 0, 0, 0, 0, 0, 0, 62, 25, 236
"d:\code\source code\vue-next\test-dts\index.d.ts", "TypeScript", 0, 0, 5, 0, 0, 0, 0, 0, 0, 5, 4, 14
"d:\code\source code\vue-next\test-dts\inject.test-d.ts", "TypeScript", 0, 0, 10, 0, 0, 0, 0, 0, 0, 1, 5, 16
"d:\code\source code\vue-next\test-dts\reactivity.test-d.ts", "TypeScript", 0, 0, 6, 0, 0, 0, 0, 0, 0, 2, 2, 10
"d:\code\source code\vue-next\test-dts\ref.test-d.ts", "TypeScript", 0, 0, 147, 0, 0, 0, 0, 0, 0, 24, 35, 206
"d:\code\source code\vue-next\test-dts\setupHelpers.test-d.ts", "TypeScript", 0, 0, 68, 0, 0, 0, 0, 0, 0, 12, 10, 90
"d:\code\source code\vue-next\test-dts\tsconfig.build.json", "JSON", 21, 0, 0, 0, 0, 0, 0, 0, 0, 1, 1, 23
"d:\code\source code\vue-next\test-dts\tsconfig.json", "JSON", 7, 0, 0, 0, 0, 0, 0, 0, 0, 2, 0, 9
"d:\code\source code\vue-next\test-dts\tsx.test-d.tsx", "TypeScript React", 0, 0, 0, 41, 0, 0, 0, 0, 0, 13, 12, 66
"d:\code\source code\vue-next\test-dts\watch.test-d.ts", "TypeScript", 0, 0, 59, 0, 0, 0, 0, 0, 0, 7, 12, 78
"d:\code\source code\vue-next\tsconfig.json", "JSON", 31, 0, 0, 0, 0, 0, 0, 0, 0, 1, 1, 33
"Total", "-", 2963, 852, 69086, 867, 1599, 79, 1757, 3, 101, 28867, 8815, 114989